"Company_ID","company__Company_name","company__Industry","company__Headquarters","company__Revenue","company__Employees"
"1","Tagtune","Energy","Enköping","393212896.21","1399"
"2","Browsezoom","Transportation","Gornje Moštre","149652472.39","3872"
"3","Jaxnation","Manufacturing","Kebonbencoy","308425243.92","8752"
"4","Skivee","Finance","Norrköping","482621657.76","2031"
"5","Dabjam","Finance","Pop Shahri","233530720.68","5759"
"6","Yakidoo","Media","São João dos Patos","873380783.34","2426"
"7","Kazio","Retail","Vyshneve","606088167.21","4930"
"8","Centidel","Technology","Aborlan","334467926.34","8840"
"9","Vinte","Telecommunications","Datong","825394120.37","3149"
"10","Centizu","Finance","Moreira de Geraz do Lima","303448341.78","3352"
"11","Ainyx","Media","Motala","44341422.84","296"
"12","Dynabox","Education","Al Madān","663676294.06","1442"
"13","Bubblemix","Transportation","Xingdian","420112739.62","820"
"14","Twinte","Telecommunications","Triolet","810696022.9","5552"
"15","Photobean","Telecommunications","Planeta Rica","582416431.56","7117"
"16","Bubblebox","Transportation","Shah Alam","548657375.88","3107"
"17","Tekfly","Finance","Blobo","355883072.05","6670"
"18","Thoughtstorm","Telecommunications","Maltahöhe","673723401.34","3775"
"19","Pixonyx","Manufacturing","Angasmarca","798282185.66","1904"
"20","Innojam","Energy","Immātīn","413971137.73","8010"
"21","Voomm","Transportation","Gwadabawa","88871445.11","8429"
"22","Dynabox","Education","Al Ḩayfah","285739837.99","6463"
"23","Thoughtbeat","Transportation","Ostrzeszów","368817846.12","5427"
"24","Browseblab","Education","Barili","181979741.72","8517"
"25","Trupe","Healthcare","Shetangpo","87797681.53","1150"
"26","Mynte","Telecommunications","Cruzília","624752721.56","4716"
"27","Dablist","Healthcare","Halle","717630819.72","2783"
"28","Dablist","Finance","General Santos","234226001.28","9157"
"29","Nlounge","Manufacturing","La Palma","136666320.0","9580"
"30","Abata","Media","Izlake","374962772.29","5324"
"31","Wordtune","Telecommunications","Castlebridge","933546837.82","1616"
"32","Skyvu","Transportation","Tiechanggou","576913866.14","3288"
"33","Camimbo","Telecommunications","Akron","773086289.19","7530"
"34","Rhynoodle","Telecommunications","Ulyanovsk","629905083.59","4144"
"35","Yodel","Media","Phanna Nikhom","619304046.08","7964"
"36","Yodel","Healthcare","Yanbei","542459816.94","1875"
"37","Skibox","Telecommunications","Chignayhua","859294721.72","8307"
"38","Abatz","Technology","Gaotang","647014595.18","5667"
"39","Pixope","Retail","Santo André","401673416.26","849"
"40","Einti","Retail","Bayasgalant","988856827.05","4697"
"41","Rhynyx","Retail","Huanggang","820170266.86","8050"
"42","Jabbertype","Energy","Sinubong","583742417.42","1503"
"43","Flashdog","Energy","Chusovoy","932622059.45","8046"
"44","Rhybox","Education","Huyunxiang","348654323.66","8102"
"45","Wordify","Healthcare","Kamina","842826381.32","2385"
"46","Wikido","Healthcare","Lidingö","5830328.79","8993"
"47","Gabspot","Retail","Piúma","992739594.84","2312"
"48","Tagpad","Retail","Bordeaux","781075133.93","2061"
"49","Teklist","Healthcare","Zamora","914234396.59","8251"
"50","Fivespan","Media","Umi","203397225.98","6757"
"51","Edgeify","Education","Clarines","112893218.92","6604"
"52","Quatz","Education","Xiushan","659195880.83","9386"
"53","Vipe","Technology","Brok","148519279.36","7548"
"54","Gabtune","Education","El Aïoun","159805349.43","908"
"55","Jaxbean","Retail","Una","620722460.52","5662"
"56","Kwilith","Finance","Sambirejo","953350960.74","461"
"57","Zoombeat","Media","Liangwa","377220508.76","6901"
"58","Eidel","Manufacturing","Jiaocheng","444642340.8","2043"
"59","Linkbridge","Retail","Rungkam","851865928.85","654"
"60","Skibox","Retail","Santa Rita","496768586.03","1036"
"61","Photobug","Energy","Le Mans","165392953.18","3842"
"62","Topiczoom","Energy","Chuchkovo","449427821.21","4735"
"63","Cogibox","Technology","Oropesa","626094766.74","9862"
"64","Youspan","Healthcare","Umeå","55135021.82","9693"
"65","Yakidoo","Energy","Grecheskoye","78922145.66","3927"
"66","Kare","Energy","Sylhet","473584362.76","6774"
"67","Feednation","Manufacturing","Pavlohrad","774641736.02","8124"
"68","Edgepulse","Healthcare","Akhaltsikhe","143730046.25","6413"
"69","Podcat","Manufacturing","Goseong","448458630.92","8870"
"70","Talane","Retail","Dashuipo","238809550.23","96"
"71","Kwideo","Transportation","La Palma","192125230.92","107"
"72","Trilia","Finance","Wiślica","936865680.86","3309"
"73","Zoomzone","Telecommunications","Kralice na Hané","727300820.82","5757"
"74","Pixope","Energy","Huohua","402996572.49","3249"
"75","Meedoo","Transportation","Rāmganj","67606643.67","3350"
"76","Trudeo","Manufacturing","Lumbardhi","954281770.47","5039"
"77","Youspan","Retail","Chartres","345136153.17","7428"
"78","Linklinks","Media","Masaki-chō","466701992.2","7251"
"79","Vimbo","Energy","Bagratashen","987166399.83","5157"
"80","Topdrive","Retail","Tapacocha","536506599.25","6587"
"81","Eare","Education","Karangparwa","84683786.56","4086"
"82","Photospace","Technology","Santiago","530456010.77","7248"
"83","Gabvine","Telecommunications","Popil'nya","798295628.4","4790"
"84","Vitz","Manufacturing","Catalão","2089511.85","1383"
"85","Vimbo","Healthcare","Maevatanana","240463771.03","6510"
"86","Quimba","Finance","Lyozna","761495140.38","4781"
"87","Lazzy","Education","Rincón","634249913.79","6165"
"88","Avaveo","Education","Oebatu","874021667.15","2598"
"89","Gigaclub","Transportation","Desnogorsk","52507977.72","9524"
"90","Chatterpoint","Finance","Altıağac","80578963.2","1081"
"91","Demivee","Technology","Le Mans","813900269.63","3470"
"92","Linklinks","Manufacturing","Bebedouro","449311641.89","8781"
"93","Pixope","Transportation","Jingzhuang","442727308.42","1533"
"94","Brainverse","Media","Tha Mai","555523438.69","191"
"95","Feedfire","Media","Imām Şāḩib","838313927.29","7136"
"96","Snaptags","Technology","Guaitarilla","710498941.63","7493"
"97","Tanoodle","Retail","Bamiantong","522426618.04","6280"
"98","Twinder","Healthcare","Quma","593692749.12","4456"
"99","Zooveo","Finance","Strizhi","605329319.28","1078"
"100","Quimba","Healthcare","Vřesina","888930668.63","9153"
"101","Yotz","Finance","Akune","638565028.22","4781"
"102","Zoomzone","Media","Calvos","577792848.44","9131"
"103","Topiclounge","Healthcare","Wangdain","225189880.47","6014"
"104","Trilia","Education","Lewobelek","358386606.63","3306"
"105","Twimm","Transportation","Jiaoshi","996079614.28","1011"
"106","Zava","Retail","Georgetown","946369271.35","6863"
"107","Skimia","Education","Wangfu","110553592.1","1983"
"108","Dazzlesphere","Media","Palomoc","350168884.77","7976"
"109","Jabbersphere","Technology","Pregrada","472550380.19","2970"
"110","Kazio","Technology","Issy-les-Moulineaux","590151048.74","2039"
"111","Myworks","Education","Strelka","252103936.48","3695"
"112","Leexo","Telecommunications","Shuanghekou","687659365.73","3187"
"113","Vinte","Telecommunications","Gosë e Madhe","210253393.22","5209"
"114","Jamia","Healthcare","Laval","636537730.02","1643"
"115","Flashspan","Transportation","Babak","435596750.5","5496"
"116","Lazzy","Telecommunications","Jingzhu","395411542.14","691"
"117","Photospace","Manufacturing","Changjiangbu","573141421.86","9745"
"118","Gabspot","Transportation","Santo Amador","313120510.92","4719"
"119","Chatterbridge","Finance","Shahr-e Şafā","624008767.04","3685"
"120","Yoveo","Transportation","Quibdó","443193951.22","6905"
"121","Yabox","Energy","Nogoonnuur","713047575.08","3891"
"122","Trudeo","Finance","Baytīn","418501708.54","7079"
"123","Yakidoo","Finance","Debe","135031211.75","3647"
"124","Skimia","Retail","Tahara","766837888.51","6901"
"125","Fanoodle","Healthcare","Yanwo","347237404.7","849"
"126","Shufflester","Media","Ożarowice","56868505.29","3976"
"127","Cogidoo","Technology","Estrada","929834531.8","1056"
"128","Edgeclub","Transportation","Eauripik","829442041.86","5832"
"129","Centizu","Telecommunications","Ferreira do Zêzere","724895919.32","7311"
"130","Aimbu","Energy","Sukacai Tengah","715617226.59","26"
"131","Oyoloo","Retail","Santa Cruz","941740488.13","5283"
"132","Demizz","Technology","Kertanegla","680820382.81","2279"
"133","Wordpedia","Manufacturing","Ntsoudjini","116754970.02","1394"
"134","Agimba","Technology","Nueva Esperanza","109157387.3","4980"
"135","Skibox","Transportation","Niafunké","622064311.42","9222"
"136","Zoonoodle","Media","Khān Arnabah","345953753.5","6035"
"137","Livefish","Technology","Kertasari","373061807.06","2543"
"138","Meembee","Telecommunications","Goiatuba","952048798.73","9534"
"139","Babbleset","Manufacturing","Lawdar","633988195.24","3222"
"140","Thoughtbridge","Transportation","Xiyuan","887345239.96","5071"
"141","Skyble","Transportation","Stocksund","841553071.08","7535"
"142","Bluejam","Manufacturing","Chiang Khan","607080802.52","2779"
"143","Skivee","Energy","Jishi","841045237.83","3635"
"144","Eazzy","Manufacturing","Kaeng Khoi","491890999.79","6994"
"145","Quimba","Healthcare","Araguaiana","96001038.51","7009"
"146","Kwimbee","Manufacturing","Santo Anastácio","255409125.93","6772"
"147","Photobug","Manufacturing","Crato","868378375.92","9843"
"148","Quinu","Technology","Villa Castelli","687094875.08","2220"
"149","Skibox","Telecommunications","Meringkik","353748877.67","9411"
"150","Mydeo","Transportation","San Cristóbal Cucho","322047597.93","9144"
"151","Twimm","Media","Cimarelang","618270389.24","3160"
"152","Twitterbridge","Healthcare","Novospasskoye","111865717.67","5210"
"153","Flashdog","Finance","São Mateus do Sul","951802706.21","7044"
"154","Yakitri","Media","Herrera","527985462.56","9430"
"155","Abata","Finance","Panguruan","415167064.31","6233"
"156","Dabtype","Transportation","Boac","535724377.67","1014"
"157","Fliptune","Finance","Minzheng","662523676.28","9132"
"158","Katz","Retail","Semīrom","493185283.23","9181"
"159","Tambee","Finance","Gerdu","126405640.26","6769"
"160","Dabtype","Finance","Kedungbulu","930783137.24","6895"
"161","Divavu","Retail","Zhuyeping","718793356.57","7766"
"162","Skidoo","Transportation","Vavuniya","372773078.21","4191"
"163","Rhyloo","Education","Staraya Kulatka","225126058.27","1408"
"164","Yambee","Healthcare","Andoany","906570793.33","3801"
"165","Riffpath","Healthcare","Cutral-Có","279514951.97","1979"
"166","Meeveo","Media","Donglai","785098571.72","5291"
"167","Devpoint","Telecommunications","Phimai","684577749.1","2881"
"168","Trunyx","Manufacturing","Staryy Krym","927067560.36","7956"
"169","LiveZ","Media","Libato","267269918.6","4976"
"170","Youtags","Energy","Pathum Rat","793678066.07","414"
"171","Meembee","Retail","Nefta","721742895.99","9378"
"172","Dynava","Finance","Győr","997349917.56","3852"
"173","Rhybox","Manufacturing","Saraqinishtë","238128514.11","5980"
"174","Realbridge","Transportation","Xieshui","547424403.27","1164"
"175","Wordify","Technology","Arıqıran","685027083.75","4532"
"176","Meejo","Telecommunications","Västerås","379487831.34","8296"
"177","Jetpulse","Telecommunications","Sidi Amar","547435705.31","7933"
"178","Zava","Media","Cristalina","941450621.44","3219"
"179","Skipstorm","Manufacturing","Offa","334674182.94","5872"
"180","Myworks","Finance","El Paso","636142254.81","1470"
"181","Dabtype","Finance","Moravský Písek","292245239.18","7767"
"182","Yacero","Technology","Jingshan","11810311.14","9442"
"183","Tagchat","Transportation","Lâm Thao","873397098.45","6351"
"184","Dabjam","Finance","Fougamou","805700872.38","3362"
"185","Brainbox","Transportation","Fedorovka","282447767.01","1964"
"186","Plambee","Healthcare","Nantai","988679224.96","1595"
"187","Voonder","Telecommunications","Kyzyl-Kyya","952626810.62","62"
"188","Jaxnation","Retail","San Bernardino","879697392.11","2556"
"189","Brightdog","Healthcare","Haputale","127496047.85","809"
"190","Meetz","Healthcare","London","701350486.26","4193"
"191","Bubblebox","Telecommunications","Zhentian","665432426.74","7334"
"192","Jayo","Technology","Villaba","825666870.13","3533"
"193","Gigashots","Energy","Saint John’s","654807738.1","8232"
"194","Mynte","Media","Nueva Gorgona","119508883.31","441"
"195","Reallinks","Technology","Karakul’","379252878.17","7916"
"196","Leenti","Finance","Brusartsi","782629392.18","7791"
"197","Fanoodle","Retail","Liuji","11823682.52","3679"
"198","Tagopia","Manufacturing","Yaring","553719837.47","6814"
"199","Wikibox","Transportation","Canelas","530511250.23","2170"
"200","Wordtune","Transportation","Dolo","346372067.16","7169"
"201","Tanoodle","Retail","Koupéla","259690514.31","3561"
"202","Bubbletube","Finance","Fengshan","28171791.81","7630"
"203","Yabox","Healthcare","Shakīso","593920435.54","1564"
"204","Roombo","Education","Yamkino","545201539.12","9521"
"205","Quinu","Energy","Bagé","747415127.77","1504"
"206","Dabtype","Manufacturing","Bořetice","579186067.95","8020"
"207","Innotype","Telecommunications","Subottsi","868720707.66","850"
"208","Skippad","Retail","Marsabit","260483321.65","917"
"209","Roombo","Technology","Skórcz","717370119.29","6698"
"210","Rhyloo","Retail","Pensacola","727077284.58","7567"
"211","Linkbridge","Media","Danzao","655815583.21","9161"
"212","Skinder","Education","Ochojno","888919522.15","1045"
"213","Feedmix","Finance","Ouricuri","915722875.2","3583"
"214","Aimbo","Healthcare","Maralal","851648187.51","7237"
"215","Rooxo","Retail","Valuyki","956175341.17","2410"
"216","Jabberstorm","Transportation","Altavista","419199963.1","2059"
"217","Talane","Technology","Paso de los Libres","660390246.55","851"
"218","Gabspot","Media","Mhlambanyatsi","546964847.8","5899"
"219","Plambee","Telecommunications","Ébolowa","701968738.06","5678"
"220","Dabshots","Energy","Richmond","170693301.46","5466"
"221","Kimia","Media","Lukolela","500818574.21","2159"
"222","Buzzbean","Media","Bílina Kyselka","601194278.26","7652"
"223","Roodel","Education","Xiaochuan","812550836.21","7829"
"224","Brainsphere","Finance","Haparanda","976353660.78","7611"
"225","Demizz","Energy","Rāwandūz","212113198.23","9221"
"226","Roomm","Energy","Wuku","230724110.22","2766"
"227","Jaxbean","Energy","Inda Silasē","394983974.35","8060"
"228","Photobean","Healthcare","Paagahan","693233312.44","6960"
"229","Twitterbeat","Energy","Tanbu","732510946.32","8715"
"230","Feedbug","Education","Vitrolles","705653280.03","448"
"231","Meejo","Manufacturing","Hezhang","139111910.81","8280"
"232","Dabfeed","Energy","Challans","759396007.96","7498"
"233","Divanoodle","Technology","Qijia","466459904.76","1837"
"234","Gigashots","Media","Tochio-honchō","147518658.04","6293"
"235","Oyondu","Media","Campurrejo","692219505.28","9523"
"236","Blogtags","Retail","Kulykiv","170259246.14","7900"
"237","Voonix","Telecommunications","Barinitas","767912258.54","8321"
"238","Fatz","Energy","Darungan Lor","497086819.1","8745"
"239","Realfire","Telecommunications","Borovoy","854115441.37","8893"
"240","Teklist","Education","Shuangxi","605145478.09","9737"
"241","Midel","Media","Sala","700636180.14","9651"
"242","Bluejam","Finance","São Lourenço","424089910.47","2413"
"243","Buzzbean","Technology","Yuscarán","346964813.85","8733"
"244","Wordpedia","Finance","Palue","208421489.94","8586"
"245","Browsebug","Healthcare","Donan","673824077.62","8181"
"246","Cogilith","Telecommunications","Staritsa","692099854.2","50"
"247","Vipe","Technology","Randusari","131154638.79","445"
"248","Meevee","Transportation","Padej","484703338.12","5581"
"249","Brainbox","Energy","Valence","651714653.99","5858"
"250","Zoomcast","Retail","Pantang","8953322.85","8813"
"251","Podcat","Energy","Saidpur","530272585.44","1434"
"252","Voonte","Manufacturing","Bīrganj","819641962.12","7057"
"253","Kazu","Energy","Malaḩ","428156959.22","2263"
"254","Shuffledrive","Finance","Palestina","620394795.81","8477"
"255","Fivespan","Healthcare","Dzięgielów","239559409.68","5435"
"256","Dabjam","Media","Gotovlje","433256176.96","1868"
"257","Eabox","Finance","Alvarães","507224795.7","8462"
"258","Livepath","Education","Mina Clavero","73812219.31","8867"
"259","Skippad","Retail","Ryczywół","401061862.94","5713"
"260","Zoomzone","Technology","Solikamsk","551395510.27","7357"
"261","Photolist","Education","Doumuhu","943756677.24","8009"
"262","LiveZ","Technology","Nanzhao Chengguanzhen","497639178.35","5053"
"263","Tekfly","Finance","Turangi","587770585.53","7037"
"264","Twinte","Energy","Bratislava","116472948.86","5861"
"265","InnoZ","Technology","Yangping","135741337.62","2797"
"266","Twinder","Telecommunications","Gävle","516938766.9","8316"
"267","Cogilith","Energy","Barreiros","906192952.04","1568"
"268","Wikibox","Technology","Tilik","538981167.25","2860"
"269","Yotz","Transportation","Krivodanovka","371448863.5","2695"
"270","Realcube","Retail","Kórnik","33982361.7","3961"
"271","Avaveo","Transportation","Radišići","508924067.74","2860"
"272","Fiveclub","Manufacturing","Sopron","911441644.55","2738"
"273","Bluejam","Manufacturing","Gif-sur-Yvette","326317739.03","9855"
"274","Quire","Technology","Villejuif","356792213.73","4701"
"275","Twimbo","Technology","Lysychovo","820342546.71","6711"
"276","Jetpulse","Transportation","Kąty Wrocławskie","726942711.45","9508"
"277","Buzzbean","Manufacturing","Pelasgía","906539229.25","7975"
"278","Skyble","Media","Fuyang","399656700.07","6141"
"279","Blogspan","Technology","Maniwaki","200413209.65","2944"
"280","Chatterpoint","Transportation","Krasnohrad","435704590.87","4257"
"281","Jetwire","Transportation","Finspång","21173761.0","4031"
"282","Viva","Education","Lembanah","425171608.02","8772"
"283","Bubbletube","Energy","San Juan de Colón","786971862.82","9421"
"284","Twinte","Media","Lezhu","325504986.4","3110"
"285","Fivechat","Media","Guanaja","896775073.77","5872"
"286","Eamia","Finance","Kičevo","227161379.32","5885"
"287","Voonyx","Education","Asamankese","994805865.69","6316"
"288","Zava","Energy","Ourentã","65367268.28","1560"
"289","Babblestorm","Technology","Cuauhtemoc","524222674.04","200"
"290","Linklinks","Telecommunications","Cayur","706543528.33","4099"
"291","Youbridge","Technology","Binuangan","56470799.0","727"
"292","Rhycero","Retail","Jinglou","436269531.03","9737"
"293","Linklinks","Media","Xinchang","894408621.92","5348"
"294","Browsedrive","Energy","Lela","93350513.84","2958"
"295","Oyonder","Energy","Cascavel","208226889.91","1472"
"296","Jayo","Technology","Velké Němčice","684898482.34","6406"
"297","Plambee","Retail","Gjilan","990498671.76","6292"
"298","Divavu","Media","Darungan Lor","680763843.82","9731"
"299","Thoughtbridge","Retail","Oesena","898355117.4","1385"
"300","Thoughtmix","Education","Alejo Ledesma","118972311.19","551"
"301","Meevee","Healthcare","Yarang","20706675.76","9623"
"302","Cogibox","Healthcare","Santa Ana Huista","197582427.22","5073"
"303","Fadeo","Transportation","Pacajus","520133481.64","5589"
"304","Eamia","Manufacturing","Sonsorol Village","986558183.62","2727"
"305","Buzzdog","Finance","Piquete","195284339.98","5643"
"306","Gabvine","Retail","Armenta","650344183.23","9319"
"307","Edgewire","Finance","Ierápetra","750051464.13","5350"
"308","Meevee","Manufacturing","Antsirabe","346416933.26","1362"
"309","Tazz","Finance","Dinaig","205727985.55","5795"
"310","Dablist","Manufacturing","Morje","848628952.0","1688"
"311","Realmix","Technology","Toukh","600663879.22","5803"
"312","Topicshots","Telecommunications","Cachadinha","430893234.96","7588"
"313","Abata","Transportation","Raga","300112255.81","3174"
"314","Tagtune","Healthcare","Shicheng","646412774.35","5831"
"315","Jetpulse","Healthcare","Yancheng","5328716.28","5083"
"316","Vitz","Transportation","Béthune","368264283.04","8378"
"317","Fivechat","Technology","Santo Antônio do Amparo","460835719.91","8306"
"318","Divape","Manufacturing","Qarqaraly","364106552.92","756"
"319","Rhybox","Finance","Czemierniki","716125661.79","953"
"320","Dynabox","Education","Cibingbin","32302865.73","8485"
"321","Shuffletag","Technology","Kiuruvesi","69438722.43","5672"
"322","Jayo","Manufacturing","Le Port","397405945.01","4192"
"323","Browsetype","Transportation","Vlissingen","417051684.77","419"
"324","Quatz","Transportation","Obrera","838603044.78","8572"
"325","Yakidoo","Technology","Jiangcheng","101271811.58","6095"
"326","Topicware","Energy","Nong Khaem","4411750.01","8660"
"327","Voonix","Retail","Campbellton","435975166.53","3883"
"328","Topiczoom","Transportation","Nantes","133691370.08","2843"
"329","Gabvine","Energy","Meicheng","924352144.92","846"
"330","Flashdog","Healthcare","Pameungpeuk","956205399.24","3126"
"331","Nlounge","Education","Rangmanten","729999047.95","8818"
"332","Gigabox","Energy","Rego de Água","138542073.19","1852"
"333","Avavee","Technology","Huashu","245967639.94","9574"
"334","Aimbo","Technology","Sentieiras","10579525.81","458"
"335","Katz","Technology","Julcamarca","616792067.85","7867"
"336","Skipfire","Telecommunications","Yala","176695988.47","4195"
"337","Thoughtstorm","Retail","Fort Dauphin","616407641.95","8778"
"338","Dabtype","Telecommunications","Wasquehal","780800959.5","7054"
"339","Pixonyx","Energy","Gaoliang","492683109.59","9320"
"340","Mydeo","Media","Yanmenkou","865019611.52","4686"
"341","Gigaclub","Media","Dizangué","728510434.76","4834"
"342","Quinu","Manufacturing","Bethanie","784291627.62","492"
"343","Photospace","Finance","Troparëvo","296196781.23","1929"
"344","Tazzy","Retail","Minneapolis","886380335.3","4406"
"345","Blogtags","Healthcare","Nová Role","270155258.33","3325"
"346","Rhyzio","Technology","Tanjungbahagia","166794270.0","5055"
"347","Twimbo","Retail","Kŭrdzhali","261549191.98","2949"
"348","Buzzshare","Retail","Cork","820714266.63","4739"
"349","Latz","Finance","Demir Hisar","38536895.38","8500"
"350","Dynava","Telecommunications","Sacanche","452460041.73","5870"
"351","Trupe","Energy","Río Cauto","327868193.41","3932"
"352","Fivespan","Transportation","Kototujuh","979726160.05","2549"
"353","Twiyo","Technology","Dongshan","127894421.17","774"
"354","Dynabox","Retail","Amiens","340094804.16","6900"
"355","Mycat","Education","Sananrejo","961510587.38","690"
"356","Npath","Technology","Ciguna","26619865.85","3926"
"357","Gabcube","Education","Lewo","880121890.52","3649"
"358","Gigazoom","Education","Utarapasar","720183812.01","5160"
"359","Skinder","Retail","Sukošan","739362358.77","5864"
"360","Fliptune","Technology","Arísvi","276253156.0","9618"
"361","Mymm","Energy","Chavdar","591130185.62","1708"
"362","Quatz","Transportation","Dingchang","502636596.13","9105"
"363","JumpXS","Media","Norrköping","248081072.18","1742"
"364","Jayo","Healthcare","Zhangdan","987165243.57","2439"
"365","Zoozzy","Manufacturing","Kafr Şaqr","944777337.49","2775"
"366","Digitube","Manufacturing","Villa Cañás","219723644.77","450"
"367","Yodel","Education","Borovikha","109562330.88","9085"
"368","Skyndu","Media","Mouquim","939993218.4","2137"
"369","Jetpulse","Media","Nanlü","199155815.61","9589"
"370","Npath","Transportation","Nalus","379391190.31","406"
"371","Kanoodle","Transportation","Tamaulipas","897867208.27","5011"
"372","Avavee","Media","Henglu","32146510.9","8262"
"373","Edgeblab","Finance","Obesi","838538365.66","6743"
"374","Fiveclub","Energy","Khŭjand","277503826.5","3075"
"375","Voomm","Retail","Pamoyanan","323064259.87","1819"
"376","Layo","Telecommunications","Tall Salḩab","419519975.81","3809"
"377","Fliptune","Energy","Ivyanyets","302350995.58","4608"
"378","Flipstorm","Telecommunications","Ciudian","189051137.64","4830"
"379","Realcube","Retail","Petite Anse","334745105.56","5672"
"380","Bubbletube","Manufacturing","Lago dos Rodrigues","354627176.0","3643"
"381","Oyoba","Finance","Hŭngju-dong","349802073.74","9392"
"382","Avaveo","Energy","Rutul","747260558.93","4281"
"383","Linktype","Healthcare","Farmington","35899232.54","7813"
"384","Zoomdog","Telecommunications","Gaoqiao","591581969.3","9731"
"385","Topicshots","Manufacturing","Termas de Río Hondo","495551396.39","4484"
"386","Vimbo","Manufacturing","Lesozavodsk","176151957.57","4338"
"387","Yambee","Healthcare","Dukou","412389252.33","4516"
"388","Thoughtmix","Finance","Sinait","597157293.77","7117"
"389","Linkbuzz","Energy","Münster","137333969.15","8732"
"390","Eare","Healthcare","Freiburg im Breisgau","899042943.3","9237"
"391","Tazz","Energy","Chenda","294702087.97","6791"
"392","Roomm","Manufacturing","Kupusina","359277547.75","8195"
"393","Mynte","Healthcare","Kāshmar","970378368.99","7042"
"394","Youtags","Technology","Kunvald","458229748.59","5993"
"395","Zoovu","Manufacturing","Jakšić","544125476.56","746"
"396","Kwinu","Retail","Fonte do Feto","635232552.44","6578"
"397","Ntag","Manufacturing","Stěžery","86766709.29","7490"
"398","Flashspan","Education","Huanglian","37513295.6","9824"
"399","Oyope","Telecommunications","Granada","932898347.23","8554"
"400","Photospace","Media","Lazaro Cardenas","818749120.87","7628"
"401","Mynte","Telecommunications","Xiadian","661217046.7","5837"
"402","Jamia","Retail","Wakapuken","873938487.62","1026"
"403","Eamia","Education","Türkmenabat","852177102.66","9977"
"404","Twitternation","Manufacturing","Tall Tamr","549571886.72","7788"
"405","Avavee","Media","Dhali","955250459.98","5404"
"406","Midel","Education","Ḩammām Damt","738293458.97","3722"
"407","Oozz","Media","Sabana Iglesia","623753130.54","1590"
"408","Oyoyo","Transportation","Skhira","303966885.22","7737"
"409","Wordtune","Manufacturing","Klos","646515344.87","7290"
"410","Avaveo","Healthcare","Maoping","119921535.86","1377"
"411","Skaboo","Media","Suishan","437240714.68","878"
"412","Zoomzone","Healthcare","Mabugang","706014962.28","2688"
"413","Yambee","Technology","Geghanist","43028300.08","5266"
"414","Avaveo","Energy","Wyszogród","202537406.62","2877"
"415","Skimia","Retail","Laraos","657197370.41","4805"
"416","Demivee","Manufacturing","Alor Setar","350535050.22","7045"
"417","Tagopia","Education","Thị Trấn Tà Lùng","648408440.6","8994"
"418","Agivu","Finance","Pedrulheira","125835200.61","7309"
"419","Voomm","Finance","Krajan Tanjungrejo","426269351.74","3032"
"420","Trudeo","Healthcare","Melfort","834828998.34","7059"
"421","Dynabox","Education","Arnelas","66596426.78","5960"
"422","Blogpad","Technology","Cervantes","462026599.53","5892"
"423","Bubbletube","Telecommunications","Lillehammer","40669127.15","6782"
"424","Dabtype","Telecommunications","Yuncao","196374850.99","5707"
"425","Agimba","Retail","Barranca de Upía","769827010.64","3410"
"426","Talane","Manufacturing","Lücheng","100845649.06","242"
"427","Skyble","Telecommunications","Kvänum","408795772.7","4793"
"428","Tagcat","Technology","Bloemfontein","458307533.51","9187"
"429","Aibox","Finance","Ilha de Moçambique","520096929.8","1854"
"430","Feedfish","Retail","Granja","464890262.33","1737"
"431","Buzzshare","Transportation","Made","959309420.37","2475"
"432","Centidel","Telecommunications","Jingyang","756790805.11","859"
"433","Zoomzone","Telecommunications","Shouxihu","414323202.63","1971"
"434","Zoovu","Technology","Pojok","182358897.47","7352"
"435","Blogpad","Technology","Vitória de Santo Antão","320765375.62","318"
"436","Mynte","Finance","Pilar do Sul","929552694.76","7773"
"437","Dynabox","Manufacturing","Tầm Vu","401130019.03","6889"
"438","Kimia","Finance","Xinhua","240168055.4","3310"
"439","Skippad","Retail","Magangué","954616158.73","6322"
"440","Jetwire","Healthcare","Blizne","58831072.73","5539"
"441","InnoZ","Energy","Ljungby","217011802.46","1063"
"442","Rhynyx","Energy","Hukeng","173427863.57","2175"
"443","Babbleset","Manufacturing","Wilcza","429769564.27","8397"
"444","Divavu","Finance","Muara Dua","40786960.53","5118"
"445","Dabtype","Manufacturing","Yajiang","688366880.83","3871"
"446","Blogpad","Finance","Caoyan","461481186.69","2492"
"447","Viva","Finance","Staryy Merchyk","379777413.79","7714"
"448","Thoughtstorm","Manufacturing","Serra D'El Rei","502002893.9","9579"
"449","Vipe","Finance","Wenquan","453570145.81","6073"
"450","Edgetag","Media","Ziyuan","807464694.63","4134"
"451","Topiczoom","Media","Dededo Village","391731884.17","4208"
"452","Latz","Telecommunications","Zhouwang","97846784.84","9976"
"453","Quatz","Manufacturing","Smolec","810892521.03","8861"
"454","Devcast","Retail","Rancho Nuevo","207365248.81","5160"
"455","Thoughtbridge","Transportation","Langkap","405064323.1","1857"
"456","Linkbuzz","Technology","Dahu","571019412.46","8010"
"457","Ntag","Manufacturing","Moyogalpa","704613511.87","1169"
"458","Dynava","Retail","Kumagunnam","279625247.37","5324"
"459","Yacero","Energy","Qarāwul","590489694.57","3377"
"460","Bubblebox","Transportation","Petrov","174158424.61","3130"
"461","Eidel","Transportation","Lins","207709201.04","2305"
"462","Tekfly","Manufacturing","Gedian","404148270.92","3501"
"463","Lazzy","Energy","Ziyang","380508215.66","4188"
"464","Photospace","Transportation","Pahonjean","724351284.37","2036"
"465","Yamia","Telecommunications","La Unión","692829861.85","834"
"466","Rhynoodle","Media","Węgliniec","28257236.88","8145"
"467","Topicshots","Finance","Makrochóri","191410585.11","7206"
"468","Browseblab","Retail","Wierzchosławice","756747182.66","2003"
"469","Bubbletube","Media","La Unión","785959764.06","4972"
"470","Rooxo","Media","Matsubase","281667969.28","5065"
"471","Zoombox","Energy","Korsze","485207818.49","3614"
"472","Jabberstorm","Telecommunications","Hinlayagan Ilaud","93107142.51","5164"
"473","Twimm","Telecommunications","Lazaro Cardenas","27401402.1","2143"
"474","Voonte","Education","Al Hāshimīyah","87398466.0","2349"
"475","Zoomdog","Transportation","Mosetse","118956744.64","9575"
"476","Twimbo","Telecommunications","Eldoret","686823682.57","5704"
"477","Blognation","Media","Futian","355789941.13","1340"
"478","Wordtune","Healthcare","Fendou","403710627.82","2144"
"479","Jetpulse","Transportation","Nancha","609611136.64","146"
"480","Podcat","Healthcare","Kon Tum","547685686.89","9157"
"481","Jabbersphere","Transportation","Harrison","682358346.13","9361"
"482","Dabtype","Healthcare","Labuhankananga","549372348.01","4101"
"483","Devpoint","Healthcare","Kingisepp","466755932.35","8619"
"484","Zoonoodle","Telecommunications","Los Dos Caminos","139177989.24","9563"
"485","Thoughtstorm","Finance","Abha","616252168.99","4122"
"486","Yabox","Energy","Madette","125172792.66","4614"
"487","Dabvine","Manufacturing","Göteborg","529253844.72","6147"
"488","Einti","Media","Mpigi","818931850.24","5282"
"489","Photobean","Media","Tanqiao","797463142.43","3747"
"490","Edgeclub","Media","Newton","44936912.44","5100"
"491","Npath","Retail","Lusong","900946214.79","8253"
"492","Leenti","Finance","Jinzipai","19999618.96","1991"
"493","Divape","Transportation","Bunut","198216134.19","9059"
"494","Viva","Manufacturing","Ponta Porã","994312210.99","3216"
"495","Tagtune","Media","Shushicë","111989826.0","7025"
"496","Twiyo","Education","Kapunduk","155904526.91","6563"
"497","Livepath","Telecommunications","Beselga","410065043.75","2712"
"498","Meejo","Manufacturing","Sūq al Khamīs","778703597.36","99"
"499","Yoveo","Media","Suresnes","995719292.5","6179"
"500","Ntags","Transportation","Jalapa","68764841.67","9991"
"501","Kayveo","Technology","Cortiços","61208613.73","2412"
"502","Voolith","Transportation","Hufang","622360684.51","704"
"503","Skinte","Manufacturing","Turiys’k","996427781.71","2116"
"504","Livepath","Healthcare","Santo André","745430868.21","4739"
"505","Zoonoodle","Retail","Independencia","510556034.19","6985"
"506","Zooveo","Retail","Garanhuns","311099171.7","5760"
"507","Shufflester","Media","Ban Fang","724398134.72","2367"
"508","Rhyloo","Technology","Binuangeun","678117484.83","7407"
"509","Thoughtstorm","Telecommunications","Jingxin","535770053.57","7859"
"510","Tazzy","Healthcare","Beolgyo","539636255.39","9756"
"511","Dablist","Transportation","Ono","832723858.31","7566"
"512","Chatterpoint","Education","Priargunsk","528216376.92","308"
"513","Gabvine","Finance","Satuba","445058785.2","6938"
"514","Yozio","Transportation","Dobšice","70735074.28","2571"
"515","Wikizz","Transportation","Gualaceo","899510841.61","3633"
"516","Zava","Education","San Ignacio","633016358.33","5356"
"517","Jaxworks","Transportation","Mulyadadi","847784204.96","1542"
"518","Livetube","Finance","Bang Ban","544391490.29","5098"
"519","Skinix","Energy","Uyuni","929816105.95","2640"
"520","Quamba","Healthcare","Altanbulag","359483948.72","7894"
"521","Centizu","Manufacturing","Roma","25322383.16","4879"
"522","Browsezoom","Manufacturing","Tirapata","437838943.76","6617"
"523","Fivespan","Retail","Bordeaux","812201372.62","6165"
"524","Zoovu","Education","Shuanggang","391983660.21","4683"
"525","Oyoyo","Manufacturing","Liutan","456129070.56","9350"
"526","Camido","Manufacturing","Évry","110620936.64","4768"
"527","Abata","Education","Redcliff","891757057.17","2576"
"528","Myworks","Healthcare","Bi’r al Ḩufayy","875175937.13","8004"
"529","Rhynoodle","Retail","Sulbiny Górne","361824829.57","5139"
"530","Leexo","Media","Jitan","109810476.85","8362"
"531","Teklist","Retail","Nouméa","557780198.49","1539"
"532","Skynoodle","Energy","Alto del Espino","561204287.88","6131"
"533","Gigabox","Media","Pumwani","923569962.73","8307"
"534","Feedfish","Finance","Cikiwul Satu","458781451.9","9946"
"535","Myworks","Manufacturing","Győr","398354216.31","7906"
"536","Wordify","Technology","Maikun","91103783.77","9339"
"537","Wikizz","Retail","Acatenango","746130871.05","1346"
"538","Jaxbean","Media","Las Breñas","561895781.74","9382"
"539","Twitternation","Education","Biên Hòa","234848052.16","7284"
"540","Youtags","Education","Boise","837960242.32","2522"
"541","Edgeblab","Energy","Rulong","692198270.32","6565"
"542","Aimbu","Media","Pittsburgh","753124423.99","7853"
"543","Voomm","Media","Hengxi","886691393.75","4315"
"544","Photobug","Transportation","Kostanay","458889839.86","7605"
"545","Realpoint","Transportation","Micheng","276089509.76","7608"
"546","Zoomlounge","Manufacturing","Caiyuan","411323778.53","6470"
"547","Kwideo","Media","Banjar Banyuning Barat","725457486.36","2713"
"548","Skyble","Retail","Dahe","685336005.84","7982"
"549","Bubbletube","Manufacturing","Sancang","323070680.9","752"
"550","Tagopia","Media","Khadīr","908762232.34","8003"
"551","Gabtune","Retail","Thành Phố Hạ Long","677082913.59","6609"
"552","Centimia","Media","Mito-shi","688515752.7","2568"
"553","Oyoyo","Retail","Mandikbatu","470733635.48","8661"
"554","Thoughtstorm","Healthcare","Ipoh","302560234.08","1509"
"555","Ozu","Finance","Kamenka","948152353.46","6657"
"556","Tazz","Telecommunications","Libourne","688188345.46","8823"
"557","Avavee","Transportation","Visby","738214472.85","7415"
"558","Kazio","Energy","Kalanchak","493571648.9","6508"
"559","Riffwire","Finance","Fatou","380478565.22","7374"
"560","Realmix","Healthcare","Pak Thong Chai","499100375.43","3936"
"561","Realfire","Manufacturing","Selebi-Phikwe","26447829.53","2093"
"562","Topicstorm","Finance","Nehe","426133824.74","3078"
"563","Leexo","Retail","Adiwerna","529774669.88","188"
"564","Rhyzio","Media","Tocota","472172140.98","9816"
"565","Brainbox","Transportation","Thị Trấn Cao Lộc","873270051.71","6225"
"566","Yotz","Retail","Bagusan","600093164.56","9218"
"567","Yoveo","Technology","Quatá","895116111.37","4379"
"568","Skyble","Media","Layog","35194927.0","9017"
"569","Thoughtblab","Energy","Kristinehamn","720227044.2","6613"
"570","Realbridge","Manufacturing","Brangsi","972303970.72","143"
"571","Skilith","Retail","Danghara","29977558.25","3162"
"572","Twitterbeat","Finance","Shicha","47096706.88","4958"
"573","Npath","Media","Yanqi","112744343.32","3233"
"574","Gabtype","Transportation","Berbek","810572923.18","8330"
"575","Eimbee","Technology","Oslo","16490255.81","9060"
"576","Dablist","Energy","Weixing","508813027.05","1425"
"577","Mita","Retail","Itambacuri","902026117.8","964"
"578","Meevee","Telecommunications","İsmayıllı","702286366.13","5744"
"579","Photobean","Telecommunications","Garoua Boulaï","5704190.36","7053"
"580","Jayo","Media","Wielki Kack","898290636.48","8766"
"581","Fivespan","Education","Golopau","557516888.33","401"
"582","Livetube","Healthcare","Skaramangás","661696178.16","3786"
"583","Devify","Energy","Saint Aubin","456937653.28","5028"
"584","Skiptube","Telecommunications","Seremban","601580637.13","7060"
"585","Aimbo","Manufacturing","Zhouwang","988869570.9","7400"
"586","Vidoo","Energy","Zheleznodorozhnyy","635283247.81","9882"
"587","Fivespan","Technology","Bayanbaogede","130455170.97","6256"
"588","Centimia","Energy","Kamālia","190718019.0","4814"
"589","Gigaclub","Retail","Leninsk","117378729.46","7835"
"590","Voomm","Telecommunications","Pantin","882308864.64","6598"
"591","Twitternation","Retail","Waco","567279376.97","9013"
"592","LiveZ","Education","Krajan Gajahmati","186289297.53","604"
"593","Gabcube","Finance","Jaworze","688367229.44","7148"
"594","Gigabox","Education","Kandete","69147649.08","1279"
"595","Digitube","Finance","Venezia","210437825.62","703"
"596","Ailane","Media","Nanjie","237943928.48","3309"
"597","Skynoodle","Telecommunications","Kibre Mengist","972677344.95","4023"
"598","Oyonder","Transportation","Unidos","791286053.44","8210"
"599","Shufflester","Education","Shuanghekou","557467623.5","8353"
"600","Oyoloo","Media","Aimadamodo","850032625.39","3810"
"601","Zoomlounge","Retail","Subic","915972008.56","6644"
"602","Brightdog","Energy","Dadap","558821557.22","7557"
"603","Riffpath","Healthcare","Nova Olímpia","999717660.83","691"
"604","Kwideo","Finance","Xingpinglu","906215165.27","6404"
"605","Skimia","Education","Portela","682222195.74","8777"
"606","Brightbean","Transportation","Shanhou","788756476.07","7316"
"607","Skalith","Education","Kivertsi","827275364.03","6273"
"608","Flashset","Energy","Buenavista","151588046.64","8073"
"609","Abatz","Media","Miskindzha","385383235.48","4557"
"610","Twitterlist","Media","Luhans’ke","294546838.43","1956"
"611","Zoomzone","Manufacturing","Kakan","232773945.73","2895"
"612","Demizz","Retail","Patong","497984400.06","8894"
"613","Skaboo","Media","Quibdó","184855847.92","4211"
"614","Thoughtsphere","Telecommunications","Domsjö","508623160.59","2923"
"615","Jatri","Education","Hal’shany","576938934.76","3584"
"616","Oyoloo","Retail","Luoping","418035928.25","4492"
"617","Fivespan","Healthcare","Krimpen aan den IJssel","311443363.52","1032"
"618","Oyoyo","Media","Setro","593641755.66","4928"
"619","Voomm","Healthcare","Dayapan","470885979.86","4544"
"620","Skyvu","Healthcare","Torsås","359224333.75","8589"
"621","Wikizz","Transportation","Wawer","764683453.66","1829"
"622","Aivee","Energy","Kedungsumurkrajan","393735465.23","3225"
"623","Zoonder","Healthcare","Bechlín","970815629.44","8939"
"624","Linktype","Technology","Cinangsih Satu","282161400.85","1197"
"625","Midel","Telecommunications","Heshui","508817165.88","3363"
"626","Zoomlounge","Education","Libice nad Cidlinou","282563672.99","6046"
"627","Lajo","Manufacturing","El Sauce","654821112.0","3446"
"628","Kare","Technology","Seredeyskiy","662146025.29","1548"
"629","Livefish","Retail","Almolonga","788992507.12","6575"
"630","Blogpad","Healthcare","Krzeczów","961870703.07","4084"
"631","Devbug","Media","Sanski Most","648024813.7","8407"
"632","Gevee","Retail","Tyret’ Pervaya","395768770.75","593"
"633","Twinte","Healthcare","Kaliska","486602359.89","4692"
"634","Browsecat","Healthcare","Markaz Mudhaykirah","166857582.85","7486"
"635","Miboo","Manufacturing","Carreira","20850329.18","23"
"636","Vimbo","Technology","Anan","55867133.7","3506"
"637","Kwinu","Transportation","Sinamar","267757820.05","42"
"638","Zoomzone","Retail","Kihniö","602030026.66","882"
"639","Oozz","Transportation","Rejoso","350049322.71","9950"
"640","Feedspan","Manufacturing","Cuauhtemoc","803260414.76","1968"
"641","Gigaclub","Healthcare","Nedryhayliv","511757210.32","6105"
"642","Yakitri","Technology","Obama","742793564.03","357"
"643","Dablist","Telecommunications","Easington","976965359.16","7985"
"644","InnoZ","Media","Caldas da Felgueira","623752481.23","930"
"645","Skyble","Education","Kwangmyŏng","842433379.51","1092"
"646","Linktype","Technology","Termas de Río Hondo","208924458.24","254"
"647","Realmix","Media","Kalilu","484215103.16","4607"
"648","Zoovu","Transportation","Batouri","437972329.64","1959"
"649","Quaxo","Retail","København","705305793.41","7798"
"650","Ooba","Finance","Metz","134127113.95","6801"
"651","Yozio","Transportation","Cochabamba","805062802.34","8742"
"652","Oozz","Finance","Bombarral","783435030.88","5396"
"653","Skipstorm","Manufacturing","Seget","161540987.63","1107"
"654","Mydeo","Manufacturing","Wewoloe","316426285.65","1505"
"655","Midel","Retail","Biecz","578046759.11","7783"
"656","Quinu","Retail","Slobozia","247218473.13","3079"
"657","Browsetype","Energy","Lefkoniko","356383940.96","6827"
"658","Twitterlist","Manufacturing","Sobue","392729993.33","7976"
"659","Babbleopia","Media","Jiancheng","717396967.37","9949"
"660","Topicblab","Energy","Koronowo","342658980.73","1792"
"661","Quinu","Technology","Campo Verde","856572644.74","9482"
"662","Devshare","Energy","Boca Chica","205311332.75","3979"
"663","Rooxo","Manufacturing","Chimen","931649775.41","918"
"664","Dynabox","Media","Ambato","176934085.27","8386"
"665","Janyx","Manufacturing","Moate","481744736.43","2207"
"666","JumpXS","Telecommunications","São Miguel dos Campos","387414038.4","9074"
"667","Skyba","Transportation","Aībak","193143130.8","7753"
"668","Skyba","Manufacturing","Weishan","962389653.16","3047"
"669","Jatri","Retail","Basel","84281443.02","9464"
"670","Wikido","Education","Zangbawa","92806845.85","3744"
"671","Photojam","Finance","Waterloo","197525590.34","6601"
"672","Vidoo","Transportation","Yuantan","958678185.35","9432"
"673","Plambee","Energy","Nanshi","230139167.93","5790"
"674","Yodoo","Transportation","Junik","222411508.41","6908"
"675","Skipfire","Finance","Kaniów","750765736.45","8495"
"676","Tagopia","Manufacturing","Zavrč","658290984.16","6325"
"677","BlogXS","Education","Da’an","126461981.06","5834"
"678","Meedoo","Transportation","Nepomuceno","740413080.5","2773"
"679","Myworks","Technology","Messina","801988162.51","2620"
"680","Demivee","Energy","Nginjen","459651085.08","6411"
"681","Skaboo","Transportation","Xichuan","357409572.32","3416"
"682","Skivee","Education","Qiubin","24284861.34","2372"
"683","Meevee","Retail","Stockholm","89700111.94","9325"
"684","Feednation","Energy","Gunungtua","951558913.11","8852"
"685","Skinte","Retail","Åkersberga","132872956.38","6453"
"686","Mymm","Finance","Tonggakjati","593761364.68","9696"
"687","Centizu","Education","Nashtā Rūd","718133888.63","4664"
"688","Mybuzz","Media","Bayside","612645318.01","6539"
"689","Quinu","Retail","Chirkey","801901608.04","8638"
"690","Blogtags","Media","Asunción","341804476.58","3314"
"691","Feednation","Education","Lamarosa","880709576.63","5088"
"692","Fanoodle","Finance","Ciudad Cortés","346311849.88","318"
"693","Devify","Media","San Antonio","146690234.43","9997"
"694","Dynava","Media","Xiema","842134373.32","3779"
"695","Kamba","Media","Isfahan","557402644.62","3902"
"696","Mydo","Energy","La Valette-du-Var","215305374.95","1606"
"697","Lajo","Media","Shizuoka-shi","898911979.64","9279"
"698","Trudoo","Energy","Reno","388798074.97","7340"
"699","Demimbu","Retail","Jeziora Wielkie","49265749.1","5520"
"700","Jaxnation","Manufacturing","Kalkara","202621994.36","4027"
"701","Shufflester","Telecommunications","Mehrān","695489701.93","8227"
"702","Jetpulse","Energy","Matriz de Camaragibe","663519531.16","8339"
"703","Ailane","Energy","Canchaque","4504789.54","864"
"704","Skinix","Education","Media Luna","588977817.39","2552"
"705","Skyba","Telecommunications","Guanajuato","152473730.86","3252"
"706","Yoveo","Energy","Neglasari","66607635.42","400"
"707","Realfire","Manufacturing","Caba","430983022.28","5011"
"708","Oozz","Manufacturing","Encantado","279985816.8","8230"
"709","Skidoo","Healthcare","Solnechnoye","417662316.78","455"
"710","Twimm","Telecommunications","Saari","719380066.81","6968"
"711","Flashset","Energy","Vilhena","181493359.65","3817"
"712","Mymm","Manufacturing","Makar’yev","808713582.33","8743"
"713","Oozz","Technology","Shtip","131538145.25","872"
"714","Feedfire","Manufacturing","Dazi","879320738.14","5356"
"715","Brightbean","Technology","Campamento","960021617.05","9657"
"716","Riffpath","Retail","Kuching","20041760.8","2664"
"717","Vimbo","Technology","Paldit","384419378.02","6262"
"718","Chatterbridge","Media","Washington","490613972.0","6045"
"719","Wikido","Technology","Avignon","248426887.16","7547"
"720","Plambee","Manufacturing","Rahayu","145488378.9","2902"
"721","Topiczoom","Retail","Adil Makmur","565623024.79","3184"
"722","Jazzy","Education","Morangis","222072014.12","2112"
"723","Flipbug","Education","Tongqiao","804783801.6","5512"
"724","Katz","Energy","Shixi","738098145.79","8594"
"725","Oyoloo","Media","Kovilj","340485044.81","5979"
"726","Meevee","Education","Sankeng","80259851.26","5190"
"727","Twitternation","Telecommunications","Staromyshastovskaya","503807339.55","7887"
"728","Zooveo","Telecommunications","Checacupe","456754406.78","9594"
"729","Innojam","Technology","Hoima","847722219.07","9602"
"730","Skalith","Telecommunications","Roldanillo","757907733.89","6096"
"731","Browsecat","Telecommunications","Shilaoren","163764528.18","2115"
"732","Plajo","Healthcare","Lopar","72403309.17","9325"
"733","Avamm","Finance","Vol’sk","664890740.95","7362"
"734","Eimbee","Education","Želešice","856571932.56","9101"
"735","Flashpoint","Retail","Noemuti","702039514.71","8436"
"736","Bluezoom","Telecommunications","Banjar Bali","163421717.03","6890"
"737","Quaxo","Finance","Hancheng","527092180.87","383"
"738","Centizu","Transportation","Meijiang","818401529.35","5041"
"739","Edgewire","Telecommunications","København","522783342.53","237"
"740","Buzzbean","Finance","Kayan Hulu","27782309.43","3279"
"741","Thoughtstorm","Finance","Zhangjiaji","437245125.53","2976"
"742","Rhyzio","Transportation","Xirikxiy","833551246.43","934"
"743","Livefish","Technology","Canggou","583435843.87","279"
"744","Eare","Retail","Monastyrishche","971984822.78","319"
"745","Dynabox","Telecommunications","Matsubase","824696828.1","9506"
"746","Agivu","Education","Cassilândia","700084146.05","9560"
"747","Katz","Manufacturing","Al Hijrah","886829941.85","9276"
"748","Yakijo","Healthcare","Międzyzdroje","653257520.64","8053"
"749","Jaxspan","Technology","Hauhena","462401312.29","6051"
"750","Roomm","Technology","Växjö","228309757.25","9815"
"751","Plambee","Education","Ljungby","65543477.1","7771"
"752","Twitterwire","Healthcare","Neuss","824565502.22","2546"
"753","JumpXS","Telecommunications","Hupalivka","839433483.7","3391"
"754","Geba","Healthcare","Ketawang","394901620.5","273"
"755","Myworks","Retail","Xuanhua","536903764.46","9491"
"756","Trunyx","Manufacturing","Rowokangkung","771987307.14","943"
"757","Fivebridge","Transportation","San Fernando del Valle de Catamarca","636293994.07","260"
"758","Yotz","Retail","Jayapura","771170008.76","5619"
"759","Mynte","Manufacturing","Qarqaraly","374624131.02","5104"
"760","Realcube","Transportation","Punta Cana","533735463.71","6692"
"761","Yoveo","Transportation","Chiantla","221134819.08","5147"
"762","Skibox","Healthcare","Chenjiatan","681152993.79","658"
"763","Lazz","Education","Louredo","434195980.01","2020"
"764","Skyble","Telecommunications","Nizhniy Kislyay","314685316.75","1151"
"765","Wikibox","Media","Taluncemara","429580512.82","4257"
"766","Voonix","Energy","Adigeni","36248369.46","7204"
"767","Dabshots","Manufacturing","Pak Chom","974433651.53","6126"
"768","Demivee","Technology","Żórawina","121505281.35","3897"
"769","Thoughtbeat","Technology","Modimolle","570520730.33","3698"
"770","Gabspot","Manufacturing","Saverne","405870449.7","501"
"771","Feedmix","Media","Örebro","120296031.02","6509"
"772","Quamba","Energy","Girijaya","507232656.47","5842"
"773","Feedbug","Finance","Andrushivka","114578697.18","5977"
"774","Avamm","Energy","Itapaci","291289113.38","3797"
"775","Skaboo","Retail","Timurjaya","797702135.82","3063"
"776","Babbleblab","Manufacturing","Moluo","787328474.02","9625"
"777","Babblestorm","Healthcare","Jose Maria Morelos","840333468.72","4865"
"778","Trilith","Transportation","Wangbuzhuang","397951426.64","745"
"779","Katz","Healthcare","Shiyu","15535799.77","6443"
"780","Cogidoo","Education","Kut Chap","170508640.86","4990"
"781","Dabshots","Finance","Xue’an","125316495.52","7409"
"782","Skyvu","Media","Minshan","346089523.39","8398"
"783","Twitterlist","Transportation","Starotitarovskaya","78305062.34","6346"
"784","Skippad","Education","Paritjunus","454786636.34","8391"
"785","Tazz","Healthcare","Nangong","682028581.94","5663"
"786","Twitterlist","Media","Morcolla","202435322.57","441"
"787","Ailane","Media","Buriti Bravo","404744016.97","8944"
"788","LiveZ","Education","Guanlu","960453777.63","2300"
"789","Eamia","Energy","Gempol","573596676.38","1639"
"790","Topdrive","Healthcare","Puente Alto","762030903.87","7163"
"791","Minyx","Media","Bromma","427786872.08","2273"
"792","Voonder","Education","Didi Lilo","636030001.88","3185"
"793","Omba","Energy","Komorní Lhotka","624665702.12","5316"
"794","Linklinks","Technology","Douarnenez","490499291.02","1523"
"795","Ntags","Finance","Tabwakea Village","145286721.44","8091"
"796","Mymm","Healthcare","Yingmaili","700257595.92","2845"
"797","Topiczoom","Manufacturing","Sal’sk","14303314.56","1152"
"798","Skajo","Transportation","Cholpon-Ata","841802678.57","2602"
"799","Rhynyx","Media","Hiroshima-shi","522249837.96","4610"
"800","Plajo","Education","Changgang","724073045.21","5346"
"801","Talane","Manufacturing","Dazi","351487054.62","8666"
"802","Jatri","Telecommunications","Dajanrurung","828284524.86","2174"
"803","Oodoo","Healthcare","Sarnia","600008967.58","7459"
"804","Ainyx","Technology","Dowr-e Rabāţ","497760620.07","9551"
"805","Skimia","Transportation","Aborlan","164214160.9","348"
"806","Fivespan","Manufacturing","Uhniv","93808633.63","6043"
"807","Skibox","Media","Rupe","681077930.8","714"
"808","Skippad","Energy","Złota","19396061.09","7008"
"809","Thoughtmix","Education","Zakamensk","346600930.82","8292"
"810","Zoombox","Media","Limulunga","880067775.42","292"
"811","Brainbox","Media","Yumbo","710802566.86","5745"
"812","Tagchat","Energy","Donim","163315941.53","2227"
"813","Quamba","Education","Ban Phaeo","402245544.15","2990"
"814","Edgetag","Healthcare","San Vicente","838823063.57","2246"
"815","Edgepulse","Finance","Haninge","624913204.36","2314"
"816","Kazio","Finance","Lanckorona","374601303.63","7567"
"817","Babbleopia","Healthcare","Bārkhān","602575982.58","6474"
"818","Quamba","Manufacturing","Bambor","528462777.74","7591"
"819","Dynabox","Transportation","Västerås","514990099.17","3777"
"820","Yambee","Transportation","Ángeles","676469928.34","426"
"821","Eadel","Telecommunications","Peimei","999813019.48","8617"
"822","Jaxworks","Energy","San Francisco","118149128.12","9624"
"823","Zoonder","Media","Jamshoro","470006513.92","1490"
"824","Twitterworks","Transportation","Mwinilunga","717906034.67","8332"
"825","Livetube","Manufacturing","Chaoyang","958468475.31","732"
"826","Topicware","Telecommunications","Saint-Pierre-des-Corps","906859432.51","6378"
"827","Riffpath","Media","Jarabacoa","471525979.18","2244"
"828","Thoughtbeat","Energy","Wielka Nieszawka","852500558.05","8906"
"829","Voonte","Finance","New Sibonga","722170366.3","7726"
"830","Fatz","Manufacturing","Yur’yevets","225285099.19","3440"
"831","JumpXS","Technology","Zhiletovo","791996933.95","6513"
"832","Janyx","Retail","Santa Catalina","40827612.51","9401"
"833","Mymm","Telecommunications","Qianwei","164908649.71","4225"
"834","Dablist","Manufacturing","Baidian","144752943.98","3624"
"835","Oloo","Telecommunications","Ozerki","52608064.99","9613"
"836","Bubblemix","Healthcare","Mahdishahr","25894933.25","9888"
"837","Meezzy","Education","Hankha","292069158.97","7480"
"838","Zoombox","Finance","Chengbei","95404654.35","9375"
"839","Plajo","Finance","Nanxing","557401077.33","526"
"840","Blogspan","Manufacturing","Gaillac","182645844.51","3975"
"841","Yadel","Telecommunications","Bahaodi","830978264.38","3310"
"842","Feedspan","Transportation","Chervyen’","374697086.67","2027"
"843","Feedbug","Media","Carangola","755257023.79","4821"
"844","Zooxo","Healthcare","Ban Chang","906213582.14","4645"
"845","Thoughtstorm","Manufacturing","Nueva Manoa","773601870.36","4408"
"846","Agimba","Healthcare","Valencia","87844341.07","2972"
"847","Ooba","Technology","Laholm","824788279.67","9297"
"848","Tavu","Media","Al Madān","592660423.64","4095"
"849","Eazzy","Media","Mesopotam","608651623.89","1731"
"850","Omba","Education","Yarumal","451146025.06","6034"
"851","Skidoo","Energy","Pamedilan","815862009.73","9249"
"852","Camido","Media","Kaindy","282128081.08","2026"
"853","Buzzster","Healthcare","Bergerac","115818985.22","9006"
"854","Izio","Energy","Rajadesa","705485457.35","5044"
"855","Bubblebox","Transportation","Uenohara","146470255.42","7605"
"856","Topiczoom","Education","Karagandy","781874520.6","915"
"857","Twitterwire","Education","Yuefeng","544268596.88","5124"
"858","Bluejam","Media","El Sombrero","544538954.36","3785"
"859","Meemm","Manufacturing","Ciego de Ávila","933993334.56","6406"
"860","Feedfire","Education","Indianapolis","25521998.01","92"
"861","Ntag","Healthcare","Mojokerto","18988176.53","7748"
"862","Cogidoo","Technology","Puerto Boyacá","204502146.52","4326"
"863","Meevee","Retail","Jiulong","786526098.05","1129"
"864","Trudoo","Energy","Tambura","145857973.94","5081"
"865","Mydo","Retail","Barwałd Górny","253282750.84","9779"
"866","Mynte","Technology","Ringinrejo","261584413.68","6946"
"867","Skyba","Media","Pakalongan","209450959.31","2874"
"868","Yodel","Media","Ketanggi","134013662.82","5098"
"869","Meevee","Technology","Beitai","841281222.22","2233"
"870","Voolith","Healthcare","Ya‘bad","643591379.66","7273"
"871","Jayo","Telecommunications","Horrom","208326806.68","3426"
"872","Ooba","Healthcare","Pudong","954268228.76","8333"
"873","Feedbug","Technology","Anhua","677693606.21","4437"
"874","Yacero","Telecommunications","Primošten","543080232.64","641"
"875","Edgetag","Energy","Chunmuying","720096217.74","8179"
"876","Voonder","Education","Baloc","502543514.06","8932"
"877","Skiptube","Finance","Ongjin","675263545.77","96"
"878","Yozio","Education","Dongen","661392358.96","7281"
"879","Muxo","Media","Tangzha","203598212.17","9451"
"880","Buzzbean","Finance","Palaiseau","865821580.88","61"
"881","LiveZ","Retail","Myshkin","345557030.0","8719"
"882","Katz","Energy","Mombaça","594499593.48","9196"
"883","Fliptune","Healthcare","Yoshikawa","30692970.97","5493"
"884","Photobug","Transportation","Mas‘adah","973571323.89","8177"
"885","Thoughtbridge","Technology","Kute","781760785.21","8416"
"886","Kwilith","Manufacturing","Nantes","769338379.45","4494"
"887","Realmix","Energy","Slantsy","402520491.69","1706"
"888","Jabberstorm","Transportation","Fengmu","269788209.15","8103"
"889","Yakijo","Technology","Shendang","24268292.66","134"
"890","Yamia","Finance","Nova Venécia","618228821.41","5761"
"891","Ntag","Education","Kabac","949494214.11","4116"
"892","Meetz","Media","El Hamma","693623524.6","4317"
"893","Oodoo","Retail","Atami","95865790.1","216"
"894","Aivee","Education","Gnojnik","786011872.56","5582"
"895","Browsezoom","Retail","Bauchi","806553985.13","4800"
"896","Voolia","Healthcare","Trollhättan","246284200.31","5557"
"897","Dabjam","Energy","Nouvelle France","939382196.81","7397"
"898","Thoughtbeat","Healthcare","Los Angeles","638881519.36","4908"
"899","Jazzy","Healthcare","Borzoy","598860135.73","4771"
"900","Zoozzy","Transportation","Kondinskoye","107982075.08","1275"
"901","Thoughtstorm","Manufacturing","Marne-la-Vallée","385752435.43","8944"
"902","Skyba","Energy","Nanlü","231907826.38","6259"
"903","Innotype","Education","Meishan","618034489.54","2207"
"904","Thoughtbridge","Education","Tulaghi","419037629.0","2020"
"905","Feednation","Technology","Tālīn","859656539.62","4013"
"906","Shufflester","Finance","São Francisco do Conde","409311933.22","2166"
"907","Shufflebeat","Finance","Philadelphia","972381871.39","64"
"908","Skilith","Manufacturing","Kongjiang","292545711.13","4045"
"909","Jaxbean","Media","Whitegate","953147831.03","1281"
"910","Voonte","Manufacturing","Dapitan","511019684.07","8206"
"911","Avaveo","Manufacturing","Fankeng","174736449.23","8843"
"912","Mydo","Education","San Miguel","572516536.86","9392"
"913","Feedfire","Education","Yasothon","450896595.45","9713"
"914","Gigaclub","Transportation","Bourg-en-Bresse","751163327.89","5148"
"915","InnoZ","Technology","Agarsin","721340538.87","4624"
"916","Realfire","Healthcare","Baoshan","269111612.41","4476"
"917","Vipe","Telecommunications","Ebak","989519245.35","9413"
"918","Mudo","Finance","Hengjing","17518926.62","7133"
"919","Tanoodle","Retail","Kharbathā Banī Ḩārith","85962498.93","7325"
"920","Feedspan","Energy","Bandeirantes","230166035.75","515"
"921","Jaxbean","Telecommunications","Ten’gushevo","74750486.91","9272"
"922","Gabvine","Transportation","Dřiteň","242816524.74","5589"
"923","Eamia","Media","Bandar Pusat Jengka","130270138.37","2551"
"924","Mybuzz","Media","Lwówek Śląski","595686962.42","3411"
"925","Dablist","Technology","Paratunka","999166655.67","8296"
"926","Vimbo","Manufacturing","Naranjito","968042338.74","4519"
"927","Vidoo","Technology","Le Kremlin-Bicêtre","488389633.16","6757"
"928","Zoozzy","Media","Petaling Jaya","617304550.57","4812"
"929","Oodoo","Retail","Bukedea","633683722.15","3929"
"930","Meedoo","Finance","Smolenskoye","977721850.46","9173"
"931","Talane","Education","Boa Viagem","635381906.65","4014"
"932","Kwideo","Manufacturing","Makadi Bay","978057962.93","7705"
"933","Skyble","Transportation","Byczyna","160313636.56","9688"
"934","Linktype","Transportation","Falköping","461299389.44","3458"
"935","Agimba","Energy","Rîşcani","448533574.59","2574"
"936","Skipfire","Healthcare","Zaragoza","651042733.12","9271"
"937","Kaymbo","Education","Mayang","385801912.06","2841"
"938","Realmix","Media","Shurugwi","5121027.39","4999"
"939","Eadel","Manufacturing","Kuilehe","518715218.2","6728"
"940","Edgeblab","Finance","Tibigan","88652566.78","5791"
"941","Brainverse","Telecommunications","Dalgān","135079832.13","9798"
"942","Eayo","Technology","Fengcheng","999468219.78","8592"
"943","Kimia","Technology","Tukhlya","349980711.39","8280"
"944","Yakidoo","Telecommunications","Carpalho","99093414.11","6348"
"945","Lazz","Healthcare","Bābolsar","699572871.25","5520"
"946","Topicstorm","Transportation","Nampera","498479219.02","9857"
"947","Gigabox","Telecommunications","Zelenchukskaya","135955155.6","8111"
"948","Trilith","Energy","Nuku‘alofa","845587100.68","664"
"949","Brightbean","Finance","Mariestad","332986358.17","5858"
"950","Tagopia","Education","Puerto Eldorado","527295777.32","7082"
"951","Quatz","Healthcare","Bibrka","497245441.39","1648"
"952","Aimbu","Transportation","Morcolla","408588372.5","6432"
"953","Skidoo","Manufacturing","Xinbu","726129366.57","3667"
"954","Fivechat","Manufacturing","Kostakioí","236852611.14","1123"
"955","Camido","Manufacturing","Nginjen","531587267.89","4074"
"956","Yakidoo","Finance","Belford Roxo","49015969.21","5183"
"957","Rhyzio","Education","Bartošovice","458310412.47","2327"
"958","Rhybox","Transportation","Loutráki","50494188.0","805"
"959","Meetz","Manufacturing","Rešetari","141775351.21","6563"
"960","Yodoo","Transportation","Barreiros","148856900.43","4635"
"961","Brightbean","Retail","Usukhchay","107592135.22","6738"
"962","Pixope","Education","Poteran","786491603.72","1534"
"963","Babbleblab","Telecommunications","Augusto Corrêa","694966890.07","2149"
"964","Viva","Transportation","Dunhou","219802262.21","7456"
"965","Edgetag","Transportation","Kyŏngsŏng","835225728.98","8197"
"966","Oyope","Energy","Yitang","214615484.71","137"
"967","Zooxo","Energy","Draguignan","454289567.26","1475"
"968","Brainverse","Education","Moste","748693713.59","5636"
"969","Dynabox","Manufacturing","Akademgorodok","215605979.88","6722"
"970","Devpoint","Retail","Lākshām","385425426.46","2039"
"971","Lazzy","Healthcare","Villa Dolores","701201101.16","6750"
"972","Twitterworks","Energy","Gniezno","652188186.59","4025"
"973","Kanoodle","Manufacturing","Silver Spring","353234318.85","1807"
"974","Aibox","Education","Budta","450212041.57","6385"
"975","Flashpoint","Manufacturing","Illintsi","837036536.12","150"
"976","Ooba","Energy","Fontvieille","144739572.08","4819"
"977","Skivee","Manufacturing","Ubatã","505343347.53","7359"
"978","Meeveo","Telecommunications","Castelo","988532378.25","1538"
"979","Skibox","Retail","Yushikalasu","303485837.22","7292"
"980","Voolith","Manufacturing","Uchaly","558784985.98","6230"
"981","Yodel","Transportation","Bunog","510114309.26","4643"
"982","Meeveo","Transportation","Buenaventura","728858910.85","7756"
"983","Thoughtmix","Finance","Xinquan","749886258.26","9580"
"984","Fivebridge","Retail","Trondheim","561505426.45","4254"
"985","Feedbug","Energy","Zbąszyń","371128878.81","2076"
"986","Skippad","Technology","Urek-urek","741124768.06","6951"
"987","Tagtune","Retail","Norrköping","329037029.43","8341"
"988","Izio","Technology","Radzyń Chełmiński","82479000.8","9088"
"989","Roodel","Education","Kostyantynivka","947259496.63","2510"
"990","Feednation","Finance","Xiangcunxiang","708497732.75","2093"
"991","Blogspan","Telecommunications","Nový Knín","90977351.91","4180"
"992","Zoonoodle","Transportation","Yun’an","237512090.52","8586"
"993","Brightdog","Finance","Antioquia","112554105.14","3532"
"994","Devify","Manufacturing","Suishan","49536914.78","1481"
"995","Zazio","Technology","General José de San Martín","183376754.73","692"
"996","Zoomcast","Retail","Itatinga","859904647.91","3833"
"997","Brainverse","Technology","Sfax","203057980.99","8110"
"998","Yoveo","Technology","Xiongchi","410390110.31","193"
"999","Tagcat","Energy","La Soledad","813359781.72","2612"
"1000","Browsebug","Finance","Dairiti","523812509.97","2780"
